Produit acheté,Produit recommandé,support,confidence,lift
"LUNCH BAG  BLACK SKULL., LUNCH BAG WOODLAND","LUNCH BAG CARS BLUE, LUNCH BAG SPACEBOY DESIGN",0.014625415494758374,0.35049019607843135,8.578017251957103
"LUNCH BAG CARS BLUE, LUNCH BAG SPACEBOY DESIGN","LUNCH BAG  BLACK SKULL., LUNCH BAG WOODLAND",0.014625415494758374,0.3579474342928661,8.578017251957103
"LUNCH BAG RED RETROSPOT, LUNCH BAG SPACEBOY DESIGN","LUNCH BAG  BLACK SKULL., LUNCH BAG WOODLAND",0.011454870877013551,0.356687898089172,8.547833145997252
"LUNCH BAG RED RETROSPOT, LUNCH BAG WOODLAND","LUNCH BAG CARS BLUE, LUNCH BAG SPACEBOY DESIGN",0.010841217080030682,0.3475409836065574,8.505837214550976
"LUNCH BAG RED RETROSPOT, LUNCH BAG WOODLAND","LUNCH BAG  BLACK SKULL., LUNCH BAG SPACEBOY DESIGN",0.011454870877013551,0.36721311475409835,8.216078328394042
"LUNCH BAG RED RETROSPOT, LUNCH BAG SPACEBOY DESIGN","LUNCH BAG CARS BLUE, LUNCH BAG WOODLAND",0.010841217080030682,0.3375796178343949,8.159912764835095
"LUNCH BAG CARS BLUE, LUNCH BAG RED RETROSPOT","LUNCH BAG  BLACK SKULL., LUNCH BAG WOODLAND",0.010943492712861162,0.3396825396825397,8.140308901338313
"LUNCH BAG CARS BLUE, LUNCH BAG RED RETROSPOT","LUNCH BAG SPACEBOY DESIGN, LUNCH BAG WOODLAND",0.010841217080030682,0.3365079365079365,8.084045084045083
"HOT WATER BOTTLE TEA AND SYMPATHY, SCOTTIE DOG HOT WATER BOTTLE",CHOCOLATE HOT WATER BOTTLE,0.01539248274098696,0.6390658174097664,7.980160957501905
"LUNCH BAG  BLACK SKULL., LUNCH BAG SPACEBOY DESIGN","LUNCH BAG CARS BLUE, LUNCH BAG WOODLAND",0.014625415494758374,0.32723112128146453,7.909770799331322
"LUNCH BAG CARS BLUE, LUNCH BAG WOODLAND","LUNCH BAG  BLACK SKULL., LUNCH BAG SPACEBOY DESIGN",0.014625415494758374,0.3535228677379481,7.909770799331322
"LUNCH BAG SPACEBOY DESIGN, LUNCH BAG WOODLAND","LUNCH BAG  BLACK SKULL., LUNCH BAG CARS BLUE",0.014625415494758374,0.35135135135135137,7.870189777406273
"LUNCH BAG  BLACK SKULL., LUNCH BAG CARS BLUE","LUNCH BAG SPACEBOY DESIGN, LUNCH BAG WOODLAND",0.014625415494758374,0.32760595647193586,7.870189777406273
"LUNCH BAG RED RETROSPOT, LUNCH BAG WOODLAND","LUNCH BAG  BLACK SKULL., LUNCH BAG CARS BLUE",0.010943492712861162,0.35081967213114756,7.858280284678798
"60 TEATIME FAIRY CAKE CASES, LUNCH BAG  BLACK SKULL.",PACK OF 72 SKULL CAKE CASES,0.010023012017386857,0.5536723163841808,7.828678341932506
"REGENCY CAKESTAND 3 TIER, STRAWBERRY CERAMIC TRINKET BOX",SWEETHEART CERAMIC TRINKET BOX,0.014011761697775505,0.5684647302904564,7.7357883095545406
"LUNCH BAG RED RETROSPOT, LUNCH BAG SPACEBOY DESIGN","LUNCH BAG  BLACK SKULL., LUNCH BAG CARS BLUE",0.0109946305292764,0.3423566878980892,7.668711376686293
"LUNCH BAG CARS BLUE, LUNCH BAG RED RETROSPOT","LUNCH BAG  BLACK SKULL., LUNCH BAG SPACEBOY DESIGN",0.0109946305292764,0.3412698412698413,7.635619846718246
"JUMBO  BAG BAROQUE BLACK WHITE, JUMBO BAG PINK VINTAGE PAISLEY","JUMBO BAG RED RETROSPOT, JUMBO SHOPPER VINTAGE RED PAISLEY",0.010023012017386857,0.38431372549019605,7.560618613642639
"JUMBO BAG PINK VINTAGE PAISLEY, JUMBO STORAGE BAG SUKI","JUMBO BAG RED RETROSPOT, JUMBO SHOPPER VINTAGE RED PAISLEY",0.012579902838148811,0.38080495356037153,7.491590409329039
"JUMBO  BAG BAROQUE BLACK WHITE, JUMBO SHOPPER VINTAGE RED PAISLEY","JUMBO BAG RED RETROSPOT, JUMBO STORAGE BAG SUKI",0.014625415494758374,0.4085714285714286,7.404647160068847
"PACK OF 60 PINK PAISLEY CAKE CASES, STRAWBERRY CERAMIC TRINKET BOX",SWEETHEART CERAMIC TRINKET BOX,0.010790079263615443,0.5396419437340153,7.3435617325808416
"LUNCH BAG  BLACK SKULL., LUNCH BAG RED RETROSPOT","LUNCH BAG SPACEBOY DESIGN, LUNCH BAG WOODLAND",0.011454870877013551,0.30434782608695654,7.311451767973508
"JUMBO  BAG BAROQUE BLACK WHITE, JUMBO STORAGE BAG SUKI","JUMBO BAG RED RETROSPOT, JUMBO SHOPPER VINTAGE RED PAISLEY",0.014625415494758374,0.3704663212435233,7.288198100520219
"JUMBO BAG PINK VINTAGE PAISLEY, JUMBO BAG RED RETROSPOT","JUMBO SHOPPER VINTAGE RED PAISLEY, JUMBO STORAGE BAG SUKI",0.012579902838148811,0.3253968253968254,7.198116426057603
"60 TEATIME FAIRY CAKE CASES, STRAWBERRY CERAMIC TRINKET BOX",SWEETHEART CERAMIC TRINKET BOX,0.013295832267962158,0.5284552845528455,7.191331307885104
"JUMBO BAG RED RETROSPOT, STRAWBERRY CERAMIC TRINKET BOX",SWEETHEART CERAMIC TRINKET BOX,0.010074149833802096,0.5225464190981433,7.110922216746132
"PACK OF 60 PINK PAISLEY CAKE CASES, SWEETHEART CERAMIC TRINKET BOX",STRAWBERRY CERAMIC TRINKET BOX,0.010790079263615443,0.7785977859778597,7.075037037545095
"LUNCH BAG  BLACK SKULL., PACK OF 72 RETROSPOT CAKE CASES",LUNCH BAG RED RETROSPOT,0.010943492712861162,0.6294117647058824,7.009195363794722
"JUMBO SHOPPER VINTAGE RED PAISLEY, JUMBO STORAGE BAG SUKI","JUMBO  BAG BAROQUE BLACK WHITE, JUMBO BAG RED RETROSPOT",0.014625415494758374,0.3235294117647059,7.006221093088398
"JUMBO  BAG BAROQUE BLACK WHITE, JUMBO BAG RED RETROSPOT","JUMBO SHOPPER VINTAGE RED PAISLEY, JUMBO STORAGE BAG SUKI",0.014625415494758374,0.3167220376522702,7.0062210930883975
"60 TEATIME FAIRY CAKE CASES, SWEETHEART CERAMIC TRINKET BOX",STRAWBERRY CERAMIC TRINKET BOX,0.013295832267962158,0.7669616519174041,6.9693006985338455
"CHOCOLATE HOT WATER BOTTLE, SCOTTIE DOG HOT WATER BOTTLE",HOT WATER BOTTLE TEA AND SYMPATHY,0.01539248274098696,0.5033444816053512,6.91700726478752
"LUNCH BAG CARS BLUE, LUNCH BAG RED RETROSPOT, LUNCH BAG SPACEBOY DESIGN",LUNCH BAG WOODLAND,0.010841217080030682,0.6503067484662576,6.870204465833424
"SWEETHEART CERAMIC TRINKET BOX, WHITE HANGING HEART T-LIGHT HOLDER",STRAWBERRY CERAMIC TRINKET BOX,0.018563027358731783,0.75,6.815171933085502
"STRAWBERRY CERAMIC TRINKET BOX, WHITE HANGING HEART T-LIGHT HOLDER",SWEETHEART CERAMIC TRINKET BOX,0.018563027358731783,0.5006896551724138,6.813490749406091
"LUNCH BAG  BLACK SKULL., LUNCH BAG CARS BLUE, LUNCH BAG SPACEBOY DESIGN",LUNCH BAG WOODLAND,0.014625415494758374,0.6441441441441442,6.805099264580627
"HAND OVER THE CHOCOLATE   SIGN, PLEASE ONE PERSON METAL SIGN",GIN + TONIC DIET METAL SIGN,0.013040143185885963,0.5301455301455302,6.736189630926474
"LUNCH BAG  BLACK SKULL., LUNCH BAG RED RETROSPOT, LUNCH BAG SPACEBOY DESIGN",LUNCH BAG WOODLAND,0.011454870877013551,0.6309859154929578,6.666088372482328
"GIN + TONIC DIET METAL SIGN, PLEASE ONE PERSON METAL SIGN",HAND OVER THE CHOCOLATE   SIGN,0.013040143185885963,0.4636363636363637,6.661579052835482
SWEETHEART CERAMIC TRINKET BOX,STRAWBERRY CERAMIC TRINKET BOX,0.0537969828688315,0.732080723729993,6.652341334823426
STRAWBERRY CERAMIC TRINKET BOX,SWEETHEART CERAMIC TRINKET BOX,0.0537969828688315,0.48884758364312264,6.652341334823426
"CHOCOLATE HOT WATER BOTTLE, WHITE HANGING HEART T-LIGHT HOLDER",HOT WATER BOTTLE TEA AND SYMPATHY,0.010534390181539248,0.48243559718969553,6.629675406215386
"HOT WATER BOTTLE TEA AND SYMPATHY, WHITE HANGING HEART T-LIGHT HOLDER",CHOCOLATE HOT WATER BOTTLE,0.010534390181539248,0.5295629820051414,6.612774018589107
"JUMBO BAG PINK VINTAGE PAISLEY, JUMBO SHOPPER VINTAGE RED PAISLEY","JUMBO BAG RED RETROSPOT, JUMBO STORAGE BAG SUKI",0.012579902838148811,0.3644444444444444,6.604922253115023
"60 TEATIME FAIRY CAKE CASES, PACK OF 72 SKULL CAKE CASES",72 SWEETHEART FAIRY CAKE CASES,0.014625415494758374,0.4673202614379085,6.602924647701084
CHOCOLATE HOT WATER BOTTLE,HOT WATER BOTTLE TEA AND SYMPATHY,0.03840450012784454,0.479565772669221,6.5902380074115365
HOT WATER BOTTLE TEA AND SYMPATHY,CHOCOLATE HOT WATER BOTTLE,0.03840450012784454,0.527758257203092,6.590238007411536
"REGENCY CAKESTAND 3 TIER, SWEETHEART CERAMIC TRINKET BOX",STRAWBERRY CERAMIC TRINKET BOX,0.014011761697775505,0.7248677248677249,6.586797564957416
72 SWEETHEART FAIRY CAKE CASES,"60 TEATIME FAIRY CAKE CASES, PACK OF 60 PINK PAISLEY CAKE CASES",0.021682434160061364,0.30635838150289013,6.568901480580061
"60 TEATIME FAIRY CAKE CASES, PACK OF 60 PINK PAISLEY CAKE CASES",72 SWEETHEART FAIRY CAKE CASES,0.021682434160061364,0.46491228070175433,6.568901480580061
"72 SWEETHEART FAIRY CAKE CASES, PACK OF 60 PINK PAISLEY CAKE CASES",60 TEATIME FAIRY CAKE CASES,0.021682434160061364,0.6794871794871795,6.5134175465057815
"PACK OF 60 PINK PAISLEY CAKE CASES, PACK OF 72 SKULL CAKE CASES",72 SWEETHEART FAIRY CAKE CASES,0.012273075939657376,0.45889101338432114,6.483824975961271
"LUNCH BAG CARS BLUE, LUNCH BAG RED RETROSPOT, LUNCH BAG WOODLAND",LUNCH BAG SPACEBOY DESIGN,0.010841217080030682,0.660436137071651,6.450963366851217
"JUMBO BAG RED RETROSPOT, SWEETHEART CERAMIC TRINKET BOX",STRAWBERRY CERAMIC TRINKET BOX,0.010074149833802096,0.7086330935251798,6.439275159797811
"LUNCH BAG  BLACK SKULL., LUNCH BAG SPACEBOY DESIGN, LUNCH BAG WOODLAND",LUNCH BAG CARS BLUE,0.014625415494758374,0.6470588235294118,6.419703345569583
"LUNCH BAG  BLACK SKULL., LUNCH BAG RED RETROSPOT, LUNCH BAG WOODLAND",LUNCH BAG SPACEBOY DESIGN,0.011454870877013551,0.6549707602339182,6.397579029157977
"JUMBO  BAG BAROQUE BLACK WHITE, JUMBO BAG PINK VINTAGE PAISLEY, JUMBO BAG RED RETROSPOT",JUMBO SHOPPER VINTAGE RED PAISLEY,0.010023012017386857,0.6644067796610169,6.282627938235583
"JUMBO BAG PINK VINTAGE PAISLEY, JUMBO BAG RED RETROSPOT, JUMBO STORAGE BAG SUKI",JUMBO SHOPPER VINTAGE RED PAISLEY,0.012579902838148811,0.6630727762803235,6.270013607428301
"LUNCH BAG  BLACK SKULL., LUNCH BAG RED RETROSPOT, LUNCH BAG WOODLAND",LUNCH BAG CARS BLUE,0.010943492712861162,0.6257309941520469,6.208102278357828
"72 SWEETHEART FAIRY CAKE CASES, PACK OF 72 SKULL CAKE CASES",60 TEATIME FAIRY CAKE CASES,0.014625415494758374,0.6470588235294118,6.202566320645905
"JUMBO  BAG BAROQUE BLACK WHITE, JUMBO BAG STRAWBERRY","JUMBO BAG RED RETROSPOT, JUMBO STORAGE BAG SUKI",0.011148043978522117,0.34222919937205654,6.202309540056131
"JUMBO BAG STRAWBERRY, JUMBO SHOPPER VINTAGE RED PAISLEY",JUMBO BAG PINK VINTAGE PAISLEY,0.0142674507798517,0.4886164623467601,6.172412739787399
"LUNCH BAG  BLACK SKULL., LUNCH BAG CARS BLUE, LUNCH BAG RED RETROSPOT",LUNCH BAG WOODLAND,0.010943492712861162,0.5831062670299728,6.160260968001685
"PACK OF 60 PINK PAISLEY CAKE CASES, PACK OF 72 SKULL CAKE CASES",60 TEATIME FAIRY CAKE CASES,0.01713116849910509,0.6405353728489483,6.140033929441757
"WHITE HANGING HEART T-LIGHT HOLDER, WOODEN FRAME ANTIQUE WHITE",WOODEN PICTURE FRAME WHITE FINISH,0.025466632574789056,0.6007237635705669,6.134283653588739
"WHITE HANGING HEART T-LIGHT HOLDER, WOODEN PICTURE FRAME WHITE FINISH",WOODEN FRAME ANTIQUE WHITE,0.025466632574789056,0.6058394160583942,6.113101022199122
"60 TEATIME FAIRY CAKE CASES, PACK OF 72 RETROSPOT CAKE CASES",PACK OF 72 SKULL CAKE CASES,0.012784454103809767,0.42955326460481097,6.07369059244185
"LUNCH BAG SPACEBOY DESIGN, WOODLAND CHARLOTTE BAG",LUNCH BAG WOODLAND,0.010687803630784965,0.5741758241758241,6.065914771344269
"LUNCH BAG RED RETROSPOT, LUNCH BAG SPACEBOY DESIGN, LUNCH BAG WOODLAND",LUNCH BAG CARS BLUE,0.010841217080030682,0.6109510086455331,6.061464725552207
"LUNCH BAG  BLACK SKULL., LUNCH BAG RED RETROSPOT, LUNCH BAG SPACEBOY DESIGN",LUNCH BAG CARS BLUE,0.0109946305292764,0.6056338028169015,6.008710813842978
"60 TEATIME FAIRY CAKE CASES, 72 SWEETHEART FAIRY CAKE CASES",PACK OF 60 PINK PAISLEY CAKE CASES,0.021682434160061364,0.5880721220527045,6.008229021285599
"LUNCH BAG  BLACK SKULL., LUNCH BAG CARS BLUE, LUNCH BAG WOODLAND",LUNCH BAG SPACEBOY DESIGN,0.014625415494758374,0.6150537634408603,6.00768049155146
"LUNCH BAG CARS BLUE, WOODLAND CHARLOTTE BAG",LUNCH BAG WOODLAND,0.01160828432625927,0.5618811881188119,5.936027354761409
"LUNCH BAG  BLACK SKULL., WOODLAND CHARLOTTE BAG",LUNCH BAG WOODLAND,0.012989005369470723,0.5594713656387664,5.910568641310685
"GIN + TONIC DIET METAL SIGN, HAND OVER THE CHOCOLATE   SIGN",PLEASE ONE PERSON METAL SIGN,0.013040143185885963,0.4537366548042705,5.887737415194101
"LUNCH BAG RED RETROSPOT, LUNCH BAG SPACEBOY DESIGN",LUNCH BAG WOODLAND,0.017744822296087957,0.552547770700637,5.8374239092657785
"LUNCH BAG CARS BLUE, LUNCH BAG RED RETROSPOT, LUNCH BAG WOODLAND",LUNCH BAG  BLACK SKULL.,0.010943492712861162,0.6666666666666667,5.835571471202627
"JUMBO BAG RED RETROSPOT, JUMBO SHOPPER VINTAGE RED PAISLEY, JUMBO STORAGE BAG SUKI",JUMBO  BAG BAROQUE BLACK WHITE,0.014625415494758374,0.5296296296296297,5.834877412623892
"JUMBO  BAG BAROQUE BLACK WHITE, JUMBO BAG PINK VINTAGE PAISLEY",JUMBO BAG STRAWBERRY,0.013909486064945027,0.5333333333333333,5.832960477255779
"60 TEATIME FAIRY CAKE CASES, PACK OF 72 RETROSPOT CAKE CASES",72 SWEETHEART FAIRY CAKE CASES,0.012273075939657376,0.41237113402061853,5.826530004171383
WOODEN FRAME ANTIQUE WHITE,WOODEN PICTURE FRAME WHITE FINISH,0.05635387368959346,0.5686274509803922,5.806532534684893
WOODEN PICTURE FRAME WHITE FINISH,WOODEN FRAME ANTIQUE WHITE,0.05635387368959346,0.5754569190600523,5.806532534684893
"PACK OF 60 PINK PAISLEY CAKE CASES, STRAWBERRY CERAMIC TRINKET BOX",60 TEATIME FAIRY CAKE CASES,0.01206852467399642,0.6035805626598465,5.785793089614361
"LUNCH BAG CARS BLUE, LUNCH BAG SPACEBOY DESIGN",LUNCH BAG WOODLAND,0.022347225773459472,0.5469336670838547,5.778113376458552
"LUNCH BAG CARS BLUE, LUNCH BAG RED RETROSPOT, LUNCH BAG SPACEBOY DESIGN",LUNCH BAG  BLACK SKULL.,0.0109946305292764,0.6595092024539877,5.7729196302541315
"HEART OF WICKER SMALL, WHITE HANGING HEART T-LIGHT HOLDER",HEART OF WICKER LARGE,0.021477882894400408,0.5426356589147286,5.75759105267364
"JUMBO BAG RED RETROSPOT, JUMBO SHOPPER VINTAGE RED PAISLEY, JUMBO STORAGE BAG SUKI",JUMBO BAG PINK VINTAGE PAISLEY,0.012579902838148811,0.45555555555555555,5.7547731840367495
"60 TEATIME FAIRY CAKE CASES, WHITE HANGING HEART T-LIGHT HOLDER",72 SWEETHEART FAIRY CAKE CASES,0.012426489388903094,0.40635451505016723,5.741519177605506
"72 SWEETHEART FAIRY CAKE CASES, PACK OF 72 RETROSPOT CAKE CASES",60 TEATIME FAIRY CAKE CASES,0.012273075939657376,0.598503740648379,5.73712776881326
"LUNCH BAG CARS BLUE, LUNCH BAG SPACEBOY DESIGN, LUNCH BAG WOODLAND",LUNCH BAG  BLACK SKULL.,0.014625415494758374,0.6544622425629291,5.728741787519283
"LUNCH BAG  BLACK SKULL., LUNCH BAG CARS BLUE, LUNCH BAG RED RETROSPOT",LUNCH BAG SPACEBOY DESIGN,0.0109946305292764,0.5858310626702997,5.722240974284571
"JUMBO  BAG BAROQUE BLACK WHITE, JUMBO BAG RED RETROSPOT, JUMBO SHOPPER VINTAGE RED PAISLEY",JUMBO STORAGE BAG SUKI,0.014625415494758374,0.6485260770975056,5.697182137305356
"PACK OF 60 PINK PAISLEY CAKE CASES, WHITE HANGING HEART T-LIGHT HOLDER",72 SWEETHEART FAIRY CAKE CASES,0.01043211454870877,0.40316205533596844,5.6964118439991775
"JUMBO  BAG BAROQUE BLACK WHITE, JUMBO BAG RED RETROSPOT, JUMBO STORAGE BAG SUKI",JUMBO SHOPPER VINTAGE RED PAISLEY,0.014625415494758374,0.6008403361344539,5.681543894153407
"LUNCH BAG  BLACK SKULL., LUNCH BAG WOODLAND",LUNCH BAG CARS BLUE,0.023779084633086166,0.5698529411764706,5.653716014564121
"LUNCH BAG RED RETROSPOT, LUNCH BAG SPACEBOY DESIGN, LUNCH BAG WOODLAND",LUNCH BAG  BLACK SKULL.,0.011454870877013551,0.6455331412103746,5.650582173844618
"LUNCH BAG  BLACK SKULL., LUNCH BAG SPACEBOY DESIGN, LUNCH BAG WOODLAND",LUNCH BAG RED RETROSPOT,0.011454870877013551,0.5067873303167421,5.643636813407683
"JUMBO BAG RED RETROSPOT, JUMBO BAG STRAWBERRY, JUMBO STORAGE BAG SUKI",JUMBO  BAG BAROQUE BLACK WHITE,0.011148043978522117,0.511737089201878,5.637757058784633
"LUNCH BAG  BLACK SKULL., LUNCH BAG CARS BLUE",LUNCH BAG WOODLAND,0.023779084633086166,0.5326460481099655,5.627170972874325
"JUMBO  BAG BAROQUE BLACK WHITE, JUMBO BAG RED RETROSPOT, JUMBO SHOPPER VINTAGE RED PAISLEY",JUMBO BAG PINK VINTAGE PAISLEY,0.010023012017386857,0.4444444444444444,5.614412862474877
"LUNCH BAG WOODLAND, PACK OF 72 SKULL CAKE CASES",LUNCH BAG  BLACK SKULL.,0.010227563283047815,0.6410256410256411,5.61112641461791
"60 TEATIME FAIRY CAKE CASES, 72 SWEETHEART FAIRY CAKE CASES",PACK OF 72 SKULL CAKE CASES,0.014625415494758374,0.39667128987517336,5.608754210780199
"60 TEATIME FAIRY CAKE CASES, PACK OF 72 SKULL CAKE CASES",PACK OF 60 PINK PAISLEY CAKE CASES,0.01713116849910509,0.5473856209150327,5.592542224134517
"LUNCH BAG RED RETROSPOT, LUNCH BAG WOODLAND",LUNCH BAG SPACEBOY DESIGN,0.017744822296087957,0.5688524590163935,5.556398519513274
"72 SWEETHEART FAIRY CAKE CASES, PACK OF 72 SKULL CAKE CASES",PACK OF 60 PINK PAISLEY CAKE CASES,0.012273075939657376,0.5429864253393665,5.547596419807373
"HEART OF WICKER LARGE, NATURAL SLATE HEART CHALKBOARD",HEART OF WICKER SMALL,0.010636665814369726,0.5698630136986301,5.541358146631881
"JUMBO BAG RED RETROSPOT, LUNCH BAG SPACEBOY DESIGN",LUNCH BAG RED RETROSPOT,0.010943492712861162,0.4942263279445728,5.5037561748041695
"JUMBO BAG RED RETROSPOT, LUNCH BAG  BLACK SKULL.",LUNCH BAG RED RETROSPOT,0.014369726412682178,0.49298245614035086,5.48990428805499
"72 SWEETHEART FAIRY CAKE CASES, PACK OF 72 RETROSPOT CAKE CASES",PACK OF 60 PINK PAISLEY CAKE CASES,0.0109946305292764,0.5361596009975063,5.477847961079537
"72 SWEETHEART FAIRY CAKE CASES, PACK OF 60 PINK PAISLEY CAKE CASES",PACK OF 72 SKULL CAKE CASES,0.012273075939657376,0.38461538461538464,5.438289115078703
"JUMBO BAG RED RETROSPOT, LUNCH BAG CARS BLUE",LUNCH BAG RED RETROSPOT,0.012273075939657376,0.486815415821501,5.4212274808595975
LOVE BUILDING BLOCK WORD,HOME BUILDING BLOCK WORD,0.04413193556635132,0.5370255133789671,5.4187481497036645
HOME BUILDING BLOCK WORD,LOVE BUILDING BLOCK WORD,0.04413193556635132,0.4453044375644995,5.418748149703664
"HOME BUILDING BLOCK WORD, WHITE HANGING HEART T-LIGHT HOLDER",LOVE BUILDING BLOCK WORD,0.016824341600613652,0.4451962110960757,5.417431181072658
"LUNCH BAG CARS BLUE, LUNCH BAG SPACEBOY DESIGN, LUNCH BAG WOODLAND",LUNCH BAG RED RETROSPOT,0.010841217080030682,0.4851258581235698,5.402412389297499
"JUMBO BAG PINK VINTAGE PAISLEY, JUMBO STORAGE BAG SUKI",JUMBO SHOPPER VINTAGE RED PAISLEY,0.018869854257223217,0.5712074303405573,5.401335251600386
"LUNCH BAG  BLACK SKULL., WOODLAND CHARLOTTE BAG",LUNCH BAG CARS BLUE,0.01263104065456405,0.5440528634361234,5.397744162604461
"HEART OF WICKER LARGE, WHITE HANGING HEART T-LIGHT HOLDER",HEART OF WICKER SMALL,0.021477882894400408,0.5548216644649934,5.39509579742066
"JUMBO  BAG BAROQUE BLACK WHITE, JUMBO BAG STRAWBERRY",JUMBO BAG PINK VINTAGE PAISLEY,0.013909486064945027,0.42700156985871274,5.394066988751374
"LUNCH BAG  BLACK SKULL., LUNCH BAG CARS BLUE, LUNCH BAG SPACEBOY DESIGN",LUNCH BAG RED RETROSPOT,0.0109946305292764,0.4842342342342343,5.392483172238299
"JUMBO BAG PINK VINTAGE PAISLEY, JUMBO BAG RED RETROSPOT, JUMBO SHOPPER VINTAGE RED PAISLEY",JUMBO STORAGE BAG SUKI,0.012579902838148811,0.6134663341645885,5.389188753184424
"JUMBO BAG PINK VINTAGE PAISLEY, JUMBO BAG RED RETROSPOT, JUMBO SHOPPER VINTAGE RED PAISLEY",JUMBO  BAG BAROQUE BLACK WHITE,0.010023012017386857,0.48877805486284287,5.384819641038249
"LUNCH BAG CARS BLUE, LUNCH BAG RED RETROSPOT",LUNCH BAG WOODLAND,0.01641523906929174,0.5095238095238095,5.382894702991948
"PACK OF 60 PINK PAISLEY CAKE CASES, PACK OF 72 RETROSPOT CAKE CASES",72 SWEETHEART FAIRY CAKE CASES,0.0109946305292764,0.38053097345132747,5.3766497007519565
"LUNCH BAG CARS BLUE, WOODLAND CHARLOTTE BAG",LUNCH BAG  BLACK SKULL.,0.01263104065456405,0.6113861386138614,5.351681262575676
"LUNCH BAG  BLACK SKULL., LUNCH BAG SPACEBOY DESIGN",LUNCH BAG WOODLAND,0.02260291485553567,0.505720823798627,5.342717833269666
"LUNCH BAG SPACEBOY DESIGN, LUNCH BAG WOODLAND",LUNCH BAG CARS BLUE,0.022347225773459472,0.5368550368550369,5.326331935920978
"LUNCH BAG  BLACK SKULL., LUNCH BAG WOODLAND",LUNCH BAG SPACEBOY DESIGN,0.02260291485553567,0.5416666666666666,5.290854978354978
"72 SWEETHEART FAIRY CAKE CASES, WHITE HANGING HEART T-LIGHT HOLDER",60 TEATIME FAIRY CAKE CASES,0.012426489388903094,0.5510204081632653,5.281962785114045
"LUNCH BAG CARS BLUE, LUNCH BAG WOODLAND",LUNCH BAG SPACEBOY DESIGN,0.022347225773459472,0.5401730531520396,5.276265761432634
"CHOCOLATE HOT WATER BOTTLE, HOT WATER BOTTLE TEA AND SYMPATHY",SCOTTIE DOG HOT WATER BOTTLE,0.01539248274098696,0.4007989347536618,5.274308996707844
"JUMBO SHOPPER VINTAGE RED PAISLEY, JUMBO STORAGE BAG SUKI",JUMBO BAG PINK VINTAGE PAISLEY,0.018869854257223217,0.417420814479638,5.273038777228243
"HEART OF WICKER SMALL, NATURAL SLATE HEART CHALKBOARD",HEART OF WICKER LARGE,0.010636665814369726,0.4964200477326969,5.267224109285343
"JUMBO  BAG BAROQUE BLACK WHITE, JUMBO BAG PINK VINTAGE PAISLEY",JUMBO SHOPPER VINTAGE RED PAISLEY,0.014523139861927896,0.5568627450980392,5.2656919634391475
"JUMBO BAG RED RETROSPOT, LUNCH BAG WOODLAND",LUNCH BAG RED RETROSPOT,0.011199181794937356,0.47198275862068967,5.256049456052157
HEART OF WICKER SMALL,HEART OF WICKER LARGE,0.05093326514957811,0.4952759820984585,5.255085094918805
HEART OF WICKER LARGE,HEART OF WICKER SMALL,0.05093326514957811,0.5404232230059686,5.255085094918805
"JUMBO BAG STRAWBERRY, JUMBO SHOPPER VINTAGE RED PAISLEY",JUMBO  BAG BAROQUE BLACK WHITE,0.013909486064945027,0.4763572679509632,5.247981056214696
HAND OVER THE CHOCOLATE   SIGN,GIN + TONIC DIET METAL SIGN,0.028739452825364355,0.4129316678912564,5.246834805466874
GIN + TONIC DIET METAL SIGN,HAND OVER THE CHOCOLATE   SIGN,0.028739452825364355,0.3651721897335932,5.246834805466873
"PACK OF 72 SKULL CAKE CASES, WHITE HANGING HEART T-LIGHT HOLDER",60 TEATIME FAIRY CAKE CASES,0.01043211454870877,0.546916890080429,5.242627345844504
"JUMBO  BAG BAROQUE BLACK WHITE, JUMBO BAG RED RETROSPOT, JUMBO BAG STRAWBERRY",JUMBO STORAGE BAG SUKI,0.011148043978522117,0.5956284153005464,5.232485921474477
"LUNCH BAG RED RETROSPOT, LUNCH BAG WOODLAND",LUNCH BAG CARS BLUE,0.01641523906929174,0.5262295081967213,5.220912243930434
"JUMBO BAG PINK VINTAGE PAISLEY, JUMBO STORAGE BAG SUKI",JUMBO BAG STRAWBERRY,0.015750447455893633,0.47678018575851394,5.214449962252651
"JUMBO BAG STRAWBERRY, JUMBO STORAGE BAG SUKI",JUMBO BAG PINK VINTAGE PAISLEY,0.015750447455893633,0.41176470588235287,5.2015883872929
"60 TEATIME FAIRY CAKE CASES, PACK OF 60 PINK PAISLEY CAKE CASES",PACK OF 72 SKULL CAKE CASES,0.01713116849910509,0.3673245614035088,5.193804626352577
"JUMBO BAG STRAWBERRY, JUMBO STORAGE BAG SUKI",JUMBO  BAG BAROQUE BLACK WHITE,0.018000511378164153,0.47058823529411764,5.184424192212096
"JUMBO SHOPPER VINTAGE RED PAISLEY, LUNCH BAG WOODLAND",JUMBO STORAGE BAG SUKI,0.010227563283047815,0.5882352941176472,5.167538713598648
"LUNCH BAG RED RETROSPOT, LUNCH BAG SPACEBOY DESIGN",LUNCH BAG CARS BLUE,0.016670928151367937,0.5191082802547772,5.150259979899628
"JUMBO  BAG BAROQUE BLACK WHITE, JUMBO SHOPPER VINTAGE RED PAISLEY",JUMBO BAG PINK VINTAGE PAISLEY,0.014523139861927896,0.4057142857142857,5.1251568844592095
"LUNCH BAG  BLACK SKULL., LUNCH BAG CARS BLUE, LUNCH BAG WOODLAND",LUNCH BAG RED RETROSPOT,0.010943492712861162,0.4602150537634409,5.125003061699367
"JUMBO SHOPPER VINTAGE RED PAISLEY, RECYCLING BAG RETROSPOT",JUMBO STORAGE BAG SUKI,0.013091281002301202,0.5831435079726652,5.122808310155197
"LUNCH BAG CARS BLUE, LUNCH BAG RED RETROSPOT",LUNCH BAG  BLACK SKULL.,0.01876757862439274,0.5825396825396826,5.099177928408009
"JUMBO BAG RED RETROSPOT, JUMBO SHOPPER VINTAGE RED PAISLEY",JUMBO BAG PINK VINTAGE PAISLEY,0.020506264382510866,0.403420523138833,5.096181091718267
"JUMBO SHOPPER VINTAGE RED PAISLEY, LUNCH BAG CARS BLUE",JUMBO STORAGE BAG SUKI,0.010227563283047815,0.5797101449275363,5.092646848184174
"LUNCH BAG RED RETROSPOT, WOODLAND CHARLOTTE BAG",LUNCH BAG  BLACK SKULL.,0.010074149833802096,0.5811209439528023,5.086759202773971
"JUMBO  BAG BAROQUE BLACK WHITE, JUMBO SHOPPER VINTAGE RED PAISLEY",JUMBO STORAGE BAG SUKI,0.020710815648171822,0.5785714285714285,5.0826434347323834
"60 TEATIME FAIRY CAKE CASES, PACK OF 72 RETROSPOT CAKE CASES",PACK OF 60 PINK PAISLEY CAKE CASES,0.014727691127588852,0.4948453608247423,5.055747665061565
"LUNCH BAG CARS BLUE, LUNCH BAG RED RETROSPOT",LUNCH BAG SPACEBOY DESIGN,0.016670928151367937,0.5174603174603175,5.0544138401281264
"JUMBO SHOPPER VINTAGE RED PAISLEY, JUMBO STORAGE BAG SUKI",JUMBO  BAG BAROQUE BLACK WHITE,0.020710815648171822,0.4581447963800905,5.04733605251418
"JUMBO BAG STRAWBERRY, JUMBO SHOPPER VINTAGE RED PAISLEY",JUMBO STORAGE BAG SUKI,0.016773203784198415,0.5744308231173381,5.046268978463408
"LUNCH BAG  BLACK SKULL., LUNCH BAG SPACEBOY DESIGN",LUNCH BAG CARS BLUE,0.022705190488366146,0.5080091533180778,5.0401415490284185
"LUNCH BAG CARS BLUE, LUNCH BAG WOODLAND",LUNCH BAG  BLACK SKULL.,0.023779084633086166,0.5747836835599506,5.031286898842808
SCOTTIE DOG HOT WATER BOTTLE,CHOCOLATE HOT WATER BOTTLE,0.030580414216312964,0.40242261103633914,5.025143141006138
CHOCOLATE HOT WATER BOTTLE,SCOTTIE DOG HOT WATER BOTTLE,0.030580414216312964,0.3818646232439336,5.025143141006138
"JUMBO  BAG BAROQUE BLACK WHITE, LUNCH BAG  BLACK SKULL.",JUMBO STORAGE BAG SUKI,0.0109946305292764,0.5718085106382979,5.023232446330599
"LUNCH BAG  BLACK SKULL., PACK OF 72 SKULL CAKE CASES",LUNCH BAG WOODLAND,0.010227563283047815,0.4750593824228029,5.018793205444576
"JUMBO BAG PINK VINTAGE PAISLEY, JUMBO BAG RED RETROSPOT",JUMBO SHOPPER VINTAGE RED PAISLEY,0.020506264382510866,0.5304232804232804,5.015680487754955
"JUMBO BAG PINK VINTAGE PAISLEY, JUMBO BAG STRAWBERRY",JUMBO  BAG BAROQUE BLACK WHITE,0.013909486064945027,0.45484949832775917,5.011032078760186
"JUMBO  BAG BAROQUE BLACK WHITE, JUMBO BAG RED RETROSPOT, JUMBO STORAGE BAG SUKI",JUMBO BAG STRAWBERRY,0.011148043978522117,0.45798319327731096,5.008870998063656
"PACK OF 60 PINK PAISLEY CAKE CASES, PACK OF 72 RETROSPOT CAKE CASES",PACK OF 72 SKULL CAKE CASES,0.010227563283047815,0.3539823008849558,5.005151043966241
"LUNCH BAG SPACEBOY DESIGN, WOODLAND CHARLOTTE BAG",LUNCH BAG  BLACK SKULL.,0.010636665814369726,0.5714285714285714,5.001918403887965
"JUMBO  BAG BAROQUE BLACK WHITE, JUMBO BAG PINK VINTAGE PAISLEY",JUMBO STORAGE BAG SUKI,0.01482996676041933,0.5686274509803921,4.995287423145359
72 SWEETHEART FAIRY CAKE CASES,60 TEATIME FAIRY CAKE CASES,0.03687036563538737,0.5209537572254335,4.993750354187917
60 TEATIME FAIRY CAKE CASES,72 SWEETHEART FAIRY CAKE CASES,0.03687036563538737,0.3534313725490196,4.993750354187917
"JUMBO  BAG BAROQUE BLACK WHITE, JUMBO STORAGE BAG SUKI",JUMBO BAG STRAWBERRY,0.018000511378164153,0.45595854922279794,4.986727869156495
"60 TEATIME FAIRY CAKE CASES, PACK OF 72 SKULL CAKE CASES",PACK OF 72 RETROSPOT CAKE CASES,0.012784454103809767,0.4084967320261438,4.983252398484867
"LUNCH BAG  BLACK SKULL., LUNCH BAG CARS BLUE",LUNCH BAG SPACEBOY DESIGN,0.022705190488366146,0.5085910652920962,4.967781359533936
"LOVE BUILDING BLOCK WORD, WHITE HANGING HEART T-LIGHT HOLDER",HOME BUILDING BLOCK WORD,0.016824341600613652,0.491778774289985,4.962195010960092
"JUMBO  BAG BAROQUE BLACK WHITE, JUMBO STORAGE BAG SUKI",JUMBO SHOPPER VINTAGE RED PAISLEY,0.020710815648171822,0.5246113989637305,4.960723359156553
"JUMBO STORAGE BAG SUKI, RECYCLING BAG RETROSPOT",JUMBO SHOPPER VINTAGE RED PAISLEY,0.013091281002301202,0.5245901639344263,4.960522560801598
"LUNCH BAG RED RETROSPOT, LUNCH BAG SPACEBOY DESIGN",LUNCH BAG  BLACK SKULL.,0.018153924827409868,0.5652866242038217,4.948155745884392
"LUNCH BAG  BLACK SKULL., LUNCH BAG RED RETROSPOT",LUNCH BAG CARS BLUE,0.01876757862439274,0.4986413043478261,4.947199749630513
"JUMBO BAG PINK VINTAGE PAISLEY, JUMBO STORAGE BAG SUKI",JUMBO  BAG BAROQUE BLACK WHITE,0.01482996676041933,0.44891640866873067,4.945667814939171
"60 TEATIME FAIRY CAKE CASES, REGENCY CAKESTAND 3 TIER",PACK OF 60 PINK PAISLEY CAKE CASES,0.011148043978522117,0.48230088495575224,4.927582970381262
"PACK OF 60 PINK PAISLEY CAKE CASES, WHITE HANGING HEART T-LIGHT HOLDER",60 TEATIME FAIRY CAKE CASES,0.013295832267962158,0.5138339920948617,4.925501821281872
"PACK OF 72 RETROSPOT CAKE CASES, PACK OF 72 SKULL CAKE CASES",60 TEATIME FAIRY CAKE CASES,0.012784454103809767,0.5122950819672131,4.910750160720025
"LUNCH BAG  BLACK SKULL., LUNCH BAG RED RETROSPOT",LUNCH BAG WOODLAND,0.01748913321401176,0.46467391304347827,4.90907529420055
"LUNCH BAG RED RETROSPOT, LUNCH BAG WOODLAND",LUNCH BAG  BLACK SKULL.,0.01748913321401176,0.560655737704918,4.907619942175322
"60 TEATIME FAIRY CAKE CASES, STRAWBERRY CERAMIC TRINKET BOX",PACK OF 60 PINK PAISLEY CAKE CASES,0.01206852467399642,0.4796747967479675,4.900752690912489
"JUMBO BAG STRAWBERRY, LUNCH BAG WOODLAND",JUMBO STORAGE BAG SUKI,0.010125287650217335,0.5577464788732395,4.899700087316352
"JUMBO STORAGE BAG SUKI, LUNCH BAG WOODLAND",JUMBO BAG STRAWBERRY,0.010125287650217335,0.44695259593679454,4.888231551199115
"JUMBO BAG RED RETROSPOT, JUMBO SHOPPER VINTAGE RED PAISLEY",JUMBO  BAG BAROQUE BLACK WHITE,0.02255177703912043,0.44366197183098594,4.887780202340806
"PACK OF 60 PINK PAISLEY CAKE CASES, PACK OF 72 RETROSPOT CAKE CASES",60 TEATIME FAIRY CAKE CASES,0.014727691127588852,0.5097345132743363,4.88620510150963
"JUMBO BAG STRAWBERRY, LUNCH BAG RED RETROSPOT",JUMBO BAG RED RETROSPOT,0.011557146509844029,0.7609427609427608,4.872375799029367
"LUNCH BAG CARS BLUE, LUNCH BAG SPACEBOY DESIGN",LUNCH BAG  BLACK SKULL.,0.022705190488366146,0.5556946182728411,4.864193491640737
"JUMBO BAG RED RETROSPOT, JUMBO STORAGE BAG SUKI",JUMBO  BAG BAROQUE BLACK WHITE,0.024341600613653796,0.4411492122335496,4.8600973775927105
"JUMBO  BAG BAROQUE BLACK WHITE, JUMBO BAG STRAWBERRY",JUMBO STORAGE BAG SUKI,0.018000511378164153,0.5525902668759812,4.85440371462705
"LUNCH BAG  BLACK SKULL., WOODLAND CHARLOTTE BAG",LUNCH BAG RED RETROSPOT,0.010074149833802096,0.4339207048458149,4.832186436936168
"JUMBO STORAGE BAG SUKI, LUNCH BAG CARS BLUE",LUNCH BAG WOODLAND,0.010892354896445921,0.45708154506437765,4.828865269440251
"60 TEATIME FAIRY CAKE CASES, WHITE HANGING HEART T-LIGHT HOLDER",PACK OF 72 SKULL CAKE CASES,0.01043211454870877,0.3411371237458194,4.82352599772198
"JUMBO BAG STRAWBERRY, LUNCH BAG  BLACK SKULL.",JUMBO STORAGE BAG SUKI,0.010943492712861162,0.5473145780051151,4.808057759609175
"JUMBO BAG PINK VINTAGE PAISLEY, JUMBO SHOPPER VINTAGE RED PAISLEY",JUMBO STORAGE BAG SUKI,0.018869854257223217,0.5466666666666666,4.802365977837676
"JUMBO BAG RED RETROSPOT, JUMBO SHOPPER VINTAGE RED PAISLEY",JUMBO STORAGE BAG SUKI,0.0276144208642291,0.5432595573440644,4.772435149983459
"JUMBO STORAGE BAG SUKI, LUNCH BAG WOODLAND",LUNCH BAG CARS BLUE,0.010892354896445921,0.4808126410835214,4.770315168132045
"LUNCH BAG CARS BLUE, WHITE HANGING HEART T-LIGHT HOLDER",LUNCH BAG WOODLAND,0.011352595244183073,0.4512195121951219,4.766935473244521
"LUNCH BAG SPACEBOY DESIGN, LUNCH BAG WOODLAND",LUNCH BAG  BLACK SKULL.,0.02260291485553567,0.542997542997543,4.753051456274375
"LUNCH BAG SPACEBOY DESIGN, LUNCH BAG WOODLAND",LUNCH BAG RED RETROSPOT,0.017744822296087957,0.4262899262899263,4.747209287357352
"JUMBO  BAG BAROQUE BLACK WHITE, JUMBO STORAGE BAG SUKI",JUMBO BAG PINK VINTAGE PAISLEY,0.01482996676041933,0.3756476683937824,4.745342477674686
"JUMBO BAG PINK VINTAGE PAISLEY, JUMBO BAG RED RETROSPOT",JUMBO BAG STRAWBERRY,0.016773203784198415,0.43386243386243384,4.7450670549104546
"JUMBO BAG RED RETROSPOT, JUMBO STORAGE BAG SUKI",JUMBO SHOPPER VINTAGE RED PAISLEY,0.0276144208642291,0.5004633920296571,4.732379899003842
"72 SWEETHEART FAIRY CAKE CASES, WHITE HANGING HEART T-LIGHT HOLDER",PACK OF 60 PINK PAISLEY CAKE CASES,0.01043211454870877,0.4625850340136054,4.726149602996894
"LUNCH BAG  BLACK SKULL., LUNCH BAG RED RETROSPOT",LUNCH BAG SPACEBOY DESIGN,0.018153924827409868,0.48233695652173914,4.711338254137167
"LUNCH BAG  BLACK SKULL., LUNCH BAG CARS BLUE",LUNCH BAG RED RETROSPOT,0.01876757862439274,0.42038946162657503,4.681501094594348
"JUMBO STORAGE BAG SUKI, LUNCH BAG  BLACK SKULL.",LUNCH BAG CARS BLUE,0.01263104065456405,0.47047619047619044,4.667763523471286
"LUNCH BAG  BLACK SKULL., LUNCH BAG WOODLAND",LUNCH BAG RED RETROSPOT,0.01748913321401176,0.4191176470588235,4.667338034302559
"PACK OF 60 PINK PAISLEY CAKE CASES, PACK OF 72 SKULL CAKE CASES",PACK OF 72 RETROSPOT CAKE CASES,0.010227563283047815,0.3824091778202677,4.665010275904763
"JUMBO STORAGE BAG SUKI, LUNCH BAG CARS BLUE",LUNCH BAG  BLACK SKULL.,0.01263104065456405,0.5300429184549357,4.639655000172904
PLEASE ONE PERSON METAL SIGN,GIN + TONIC DIET METAL SIGN,0.028125799028381488,0.36496350364963503,4.63733678613945
GIN + TONIC DIET METAL SIGN,PLEASE ONE PERSON METAL SIGN,0.028125799028381488,0.35737491877842753,4.637336786139449
"JUMBO BAG PINK VINTAGE PAISLEY, JUMBO SHOPPER VINTAGE RED PAISLEY",JUMBO  BAG BAROQUE BLACK WHITE,0.014523139861927896,0.4207407407407407,4.635259259259259
"JUMBO  BAG BAROQUE BLACK WHITE, JUMBO BAG RED RETROSPOT",JUMBO STORAGE BAG SUKI,0.024341600613653796,0.5271317829457364,4.630755622418632
"JUMBO  BAG BAROQUE BLACK WHITE, JUMBO BAG RED RETROSPOT",JUMBO SHOPPER VINTAGE RED PAISLEY,0.02255177703912043,0.48837209302325585,4.618044622374163
"JUMBO STORAGE BAG SUKI, LUNCH BAG RED RETROSPOT",JUMBO BAG RED RETROSPOT,0.014881104576834569,0.7202970297029703,4.612118014355462
72 SWEETHEART FAIRY CAKE CASES,PACK OF 60 PINK PAISLEY CAKE CASES,0.03190999744310918,0.45086705202312133,4.6064290503198215
PACK OF 60 PINK PAISLEY CAKE CASES,72 SWEETHEART FAIRY CAKE CASES,0.03190999744310918,0.32601880877742945,4.606429050319821
"LUNCH BAG WOODLAND, WOODLAND CHARLOTTE BAG",LUNCH BAG CARS BLUE,0.01160828432625927,0.46232179226069253,4.586860805508799
PLEASE ONE PERSON METAL SIGN,HAND OVER THE CHOCOLATE   SIGN,0.024597289695729992,0.31917717319177175,4.585973270951577
HAND OVER THE CHOCOLATE   SIGN,PLEASE ONE PERSON METAL SIGN,0.024597289695729992,0.3534166054371785,4.585973270951576
PACK OF 60 PINK PAISLEY CAKE CASES,60 TEATIME FAIRY CAKE CASES,0.046637688570698034,0.4764890282131662,4.567521052308071
60 TEATIME FAIRY CAKE CASES,PACK OF 60 PINK PAISLEY CAKE CASES,0.046637688570698034,0.4470588235294118,4.567521052308071
"JUMBO  BAG BAROQUE BLACK WHITE, LUNCH BAG RED RETROSPOT",JUMBO BAG RED RETROSPOT,0.011301457427767834,0.7129032258064516,4.564774911802607
"JUMBO BAG PINK VINTAGE PAISLEY, LUNCH BAG RED RETROSPOT",JUMBO BAG RED RETROSPOT,0.010329838915878293,0.7112676056338029,4.554301908372303
"LUNCH BAG CARS BLUE, LUNCH BAG SPACEBOY DESIGN",LUNCH BAG RED RETROSPOT,0.016670928151367937,0.40801001251564456,4.543642252131794
"LUNCH BAG WOODLAND, WHITE HANGING HEART T-LIGHT HOLDER",LUNCH BAG CARS BLUE,0.011352595244183073,0.4577319587628866,4.541323416341069
"JUMBO BAG RED RETROSPOT, LUNCH BAG SPACEBOY DESIGN",LUNCH BAG CARS BLUE,0.010125287650217335,0.45727482678983833,4.536788045598827
"LUNCH BAG WOODLAND, WOODLAND CHARLOTTE BAG",LUNCH BAG  BLACK SKULL.,0.012989005369470723,0.5173116089613035,4.528213300464767
"JUMBO BAG PINK VINTAGE PAISLEY, JUMBO BAG STRAWBERRY",JUMBO STORAGE BAG SUKI,0.015750447455893633,0.5150501672240803,4.524620853579016
"LUNCH BAG  BLACK SKULL., LUNCH BAG SPACEBOY DESIGN",LUNCH BAG RED RETROSPOT,0.018153924827409868,0.40617848970251713,4.523246222171255
"JUMBO  BAG BAROQUE BLACK WHITE, JUMBO SHOPPER VINTAGE RED PAISLEY, JUMBO STORAGE BAG SUKI",JUMBO BAG RED RETROSPOT,0.014625415494758374,0.7061728395061729,4.521679723818995
"JUMBO BAG PINK VINTAGE PAISLEY, JUMBO SHOPPER VINTAGE RED PAISLEY",JUMBO BAG STRAWBERRY,0.0142674507798517,0.4133333333333333,4.520544369873228
"JUMBO STORAGE BAG SUKI, LUNCH BAG SPACEBOY DESIGN",LUNCH BAG  BLACK SKULL.,0.01048325236512401,0.5163727959697733,4.519995534999515
72 SWEETHEART FAIRY CAKE CASES,PACK OF 72 SKULL CAKE CASES,0.02260291485553567,0.31936416184971095,4.515666077347142
PACK OF 72 SKULL CAKE CASES,72 SWEETHEART FAIRY CAKE CASES,0.02260291485553567,0.3195950831525669,4.515666077347142
"JUMBO STORAGE BAG SUKI, LUNCH BAG  BLACK SKULL.",JUMBO  BAG BAROQUE BLACK WHITE,0.0109946305292764,0.4095238095238095,4.5116834339369545
"JUMBO BAG RED RETROSPOT, JUMBO BAG STRAWBERRY",JUMBO BAG PINK VINTAGE PAISLEY,0.016773203784198415,0.3565217391304348,4.503735535333108
"LUNCH BAG  BLACK SKULL., WOODLAND CHARLOTTE BAG",LUNCH BAG SPACEBOY DESIGN,0.010636665814369726,0.45814977973568277,4.47508438697866
"JUMBO SHOPPER VINTAGE RED PAISLEY, LUNCH BAG RED RETROSPOT",JUMBO BAG RED RETROSPOT,0.011863973408335464,0.6987951807228916,4.474439999684395
"JUMBO STORAGE BAG SUKI, LUNCH BAG  BLACK SKULL.",LUNCH BAG WOODLAND,0.011352595244183073,0.4228571428571428,4.467299529212008
"LUNCH BAG  BLACK SKULL., PACK OF 72 SKULL CAKE CASES",60 TEATIME FAIRY CAKE CASES,0.010023012017386857,0.46555819477434673,4.462740440594289
"LUNCH BAG RED RETROSPOT, PACK OF 72 RETROSPOT CAKE CASES",LUNCH BAG  BLACK SKULL.,0.010943492712861162,0.5095238095238096,4.460043910133436
"JUMBO STORAGE BAG SUKI, LUNCH BAG  BLACK SKULL.",JUMBO BAG STRAWBERRY,0.010943492712861162,0.4076190476190476,4.458048364759774
"60 TEATIME FAIRY CAKE CASES, WHITE HANGING HEART T-LIGHT HOLDER",PACK OF 60 PINK PAISLEY CAKE CASES,0.013295832267962158,0.43478260869565216,4.442097133251556
"JUMBO  BAG BAROQUE BLACK WHITE, JUMBO BAG RED RETROSPOT",JUMBO BAG STRAWBERRY,0.018716440807977498,0.40531561461794013,4.432856176652024
"JUMBO  BAG BAROQUE BLACK WHITE, JUMBO BAG PINK VINTAGE PAISLEY, JUMBO SHOPPER VINTAGE RED PAISLEY",JUMBO BAG RED RETROSPOT,0.010023012017386857,0.6901408450704225,4.419025614064214
"LUNCH BAG CARS BLUE, LUNCH BAG WOODLAND",LUNCH BAG RED RETROSPOT,0.01641523906929174,0.3967861557478369,4.41865220708938
"JUMBO BAG PINK VINTAGE PAISLEY, JUMBO BAG STRAWBERRY",JUMBO SHOPPER VINTAGE RED PAISLEY,0.0142674507798517,0.46655518394648826,4.411744014542349
"JUMBO STORAGE BAG SUKI, WHITE HANGING HEART T-LIGHT HOLDER",JUMBO BAG STRAWBERRY,0.012273075939657376,0.40201005025125625,4.396703877328476
"PACK OF 60 PINK PAISLEY CAKE CASES, REGENCY CAKESTAND 3 TIER",60 TEATIME FAIRY CAKE CASES,0.011148043978522117,0.45798319327731096,4.390128110067557
"JUMBO STORAGE BAG SUKI, LUNCH BAG WOODLAND",LUNCH BAG  BLACK SKULL.,0.011352595244183073,0.5011286681715575,4.386558239075563
"LUNCH BAG SPACEBOY DESIGN, WHITE HANGING HEART T-LIGHT HOLDER",LUNCH BAG CARS BLUE,0.010125287650217335,0.4419642857142857,4.3848866601435095
"JUMBO BAG RED RETROSPOT, JUMBO BAG STRAWBERRY",JUMBO  BAG BAROQUE BLACK WHITE,0.018716440807977498,0.3978260869565217,4.382810777709737
"JUMBO BAG RED RETROSPOT, WOODLAND CHARLOTTE BAG",JUMBO STORAGE BAG SUKI,0.01104576834569164,0.4976958525345622,4.372166395468717
"JUMBO STORAGE BAG SUKI, WHITE HANGING HEART T-LIGHT HOLDER",RECYCLING BAG RETROSPOT,0.010023012017386857,0.32830820770519265,4.361458560920545
SCOTTIE DOG HOT WATER BOTTLE,HOT WATER BOTTLE TEA AND SYMPATHY,0.024085911531577603,0.31695827725437414,4.355670493119667
HOT WATER BOTTLE TEA AND SYMPATHY,SCOTTIE DOG HOT WATER BOTTLE,0.024085911531577603,0.3309908643710471,4.355670493119667
"JUMBO BAG RED RETROSPOT, LUNCH BAG SPACEBOY DESIGN",LUNCH BAG  BLACK SKULL.,0.0109946305292764,0.4965357967667437,4.346355195064312
"JUMBO BAG RED RETROSPOT, JUMBO STORAGE BAG SUKI",JUMBO BAG PINK VINTAGE PAISLEY,0.018972129890053695,0.3438368860055607,4.343495029611589
LUNCH BAG CARS BLUE,LUNCH BAG WOODLAND,0.041370493479928404,0.4104515474378488,4.33623987582233
LUNCH BAG WOODLAND,LUNCH BAG CARS BLUE,0.041370493479928404,0.43706104808211776,4.33623987582233
"JUMBO BAG RED RETROSPOT, LUNCH BAG CARS BLUE",LUNCH BAG WOODLAND,0.010329838915878293,0.40973630831643004,4.328683689426143
"JUMBO BAG RED RETROSPOT, LUNCH BAG WOODLAND",LUNCH BAG CARS BLUE,0.010329838915878293,0.4353448275862069,4.319212634930632
"JUMBO BAG RED RETROSPOT, JUMBO STORAGE BAG SUKI",JUMBO BAG STRAWBERRY,0.021784709792891842,0.39481000926784054,4.317958462658066
"JUMBO STORAGE BAG SUKI, LUNCH BAG RED RETROSPOT",LUNCH BAG  BLACK SKULL.,0.010176425466632574,0.4925742574257425,4.311678426123722
"JUMBO BAG PINK VINTAGE PAISLEY, JUMBO BAG RED RETROSPOT",JUMBO STORAGE BAG SUKI,0.018972129890053695,0.4907407407407407,4.311067019400352
"JUMBO BAG RED RETROSPOT, RECYCLING BAG RETROSPOT",JUMBO STORAGE BAG SUKI,0.015443620557402199,0.4902597402597403,4.306841518768743
PACK OF 72 SKULL CAKE CASES,PACK OF 72 RETROSPOT CAKE CASES,0.024955254410636667,0.35285610990600147,4.304492345110329
PACK OF 72 RETROSPOT CAKE CASES,PACK OF 72 SKULL CAKE CASES,0.024955254410636667,0.30442919525888956,4.304492345110329
"JUMBO BAG PINK VINTAGE PAISLEY, JUMBO BAG RED RETROSPOT",JUMBO  BAG BAROQUE BLACK WHITE,0.015085655842495525,0.3902116402116402,4.298923168641478
"JUMBO BAG RED RETROSPOT, LUNCH BAG WOODLAND",JUMBO STORAGE BAG SUKI,0.01160828432625927,0.48922413793103453,4.297743943055427
LUNCH BAG SPACEBOY DESIGN,LUNCH BAG WOODLAND,0.0416261825620046,0.4065934065934066,4.295480316550009
LUNCH BAG WOODLAND,LUNCH BAG SPACEBOY DESIGN,0.0416261825620046,0.4397622906537007,4.295480316550009
"JUMBO BAG STRAWBERRY, WHITE HANGING HEART T-LIGHT HOLDER",JUMBO STORAGE BAG SUKI,0.012273075939657376,0.48879837067209775,4.294003656106411
"JUMBO STORAGE BAG SUKI, LUNCH BAG WOODLAND",JUMBO SHOPPER VINTAGE RED PAISLEY,0.010227563283047815,0.45146726862302483,4.269072745610856
"JUMBO BAG PINK VINTAGE PAISLEY, JUMBO SHOPPER VINTAGE RED PAISLEY, JUMBO STORAGE BAG SUKI",JUMBO BAG RED RETROSPOT,0.012579902838148811,0.6666666666666666,4.268718620388561
"JUMBO  BAG BAROQUE BLACK WHITE, RECYCLING BAG RETROSPOT",JUMBO BAG RED RETROSPOT,0.010738941447200204,0.6666666666666666,4.268718620388561
"LUNCH BAG  BLACK SKULL., WHITE HANGING HEART T-LIGHT HOLDER",LUNCH BAG WOODLAND,0.011710559959089747,0.40246045694200355,4.2518175232311615
"JUMBO  BAG BAROQUE BLACK WHITE, JUMBO SHOPPER VINTAGE RED PAISLEY",JUMBO BAG STRAWBERRY,0.013909486064945027,0.38857142857142857,4.249728347714925
PACK OF 72 SKULL CAKE CASES,60 TEATIME FAIRY CAKE CASES,0.03129634364612631,0.44251626898047725,4.241865509761388
JUMBO BAG PINK VINTAGE PAISLEY,JUMBO BAG STRAWBERRY,0.030580414216312964,0.3863049095607235,4.224939880570441
JUMBO BAG STRAWBERRY,JUMBO BAG PINK VINTAGE PAISLEY,0.030580414216312964,0.3344519015659955,4.224939880570441
"JUMBO  BAG BAROQUE BLACK WHITE, WHITE HANGING HEART T-LIGHT HOLDER",JUMBO STORAGE BAG SUKI,0.011557146509844029,0.4808510638297872,4.224188029286383
"JUMBO BAG RED RETROSPOT, LUNCH BAG CARS BLUE",JUMBO STORAGE BAG SUKI,0.012119662490411659,0.48073022312373226,4.223126465940964
"JUMBO STORAGE BAG SUKI, LUNCH BAG  BLACK SKULL.",LUNCH BAG RED RETROSPOT,0.010176425466632574,0.379047619047619,4.221114003688036
"72 SWEETHEART FAIRY CAKE CASES, PACK OF 60 PINK PAISLEY CAKE CASES",PACK OF 72 RETROSPOT CAKE CASES,0.0109946305292764,0.3445512820512821,4.203181734568198
"PACK OF 72 RETROSPOT CAKE CASES, PACK OF 72 SKULL CAKE CASES",PACK OF 60 PINK PAISLEY CAKE CASES,0.010227563283047815,0.4098360655737705,4.187222707573189
"JUMBO STORAGE BAG SUKI, WHITE HANGING HEART T-LIGHT HOLDER",JUMBO  BAG BAROQUE BLACK WHITE,0.011557146509844029,0.3785594639865997,4.170552291976313
"JUMBO BAG RED RETROSPOT, LUNCH BAG  BLACK SKULL.",JUMBO BAG STRAWBERRY,0.011096906162106878,0.38070175438596493,4.163659288041132
"LUNCH BAG WOODLAND, WOODLAND CHARLOTTE BAG",LUNCH BAG SPACEBOY DESIGN,0.010687803630784965,0.4256619144602851,4.15775161701842
"JUMBO BAG RED RETROSPOT, LUNCH BAG CARS BLUE",LUNCH BAG  BLACK SKULL.,0.011966249041165942,0.4746450304259635,4.154737497752783
"JUMBO BAG STRAWBERRY, JUMBO STORAGE BAG SUKI",JUMBO SHOPPER VINTAGE RED PAISLEY,0.016773203784198415,0.4385026737967914,4.146479587087165
"LUNCH BAG SPACEBOY DESIGN, WHITE HANGING HEART T-LIGHT HOLDER",LUNCH BAG  BLACK SKULL.,0.010841217080030682,0.4732142857142857,4.142213678219721
"LUNCH BAG WOODLAND, WHITE HANGING HEART T-LIGHT HOLDER",LUNCH BAG  BLACK SKULL.,0.011710559959089747,0.4721649484536083,4.1330284543466025
"JUMBO  BAG BAROQUE BLACK WHITE, JUMBO BAG RED RETROSPOT",JUMBO BAG PINK VINTAGE PAISLEY,0.015085655842495525,0.3266888150609081,4.126873241935438
JUMBO BAG PINK VINTAGE PAISLEY,JUMBO SHOPPER VINTAGE RED PAISLEY,0.034518026080286375,0.436046511627907,4.123254127119788
JUMBO SHOPPER VINTAGE RED PAISLEY,JUMBO BAG PINK VINTAGE PAISLEY,0.034518026080286375,0.3264023210831722,4.123254127119788
"LUNCH BAG  BLACK SKULL., LUNCH BAG WOODLAND",WOODLAND CHARLOTTE BAG,0.012989005369470723,0.3112745098039215,4.101733853918925
"JUMBO BAG RED RETROSPOT, LUNCH BAG  BLACK SKULL.",JUMBO STORAGE BAG SUKI,0.013602659166453592,0.4666666666666666,4.09958071278826
"JUMBO BAG RED RETROSPOT, RECYCLING BAG RETROSPOT",JUMBO SHOPPER VINTAGE RED PAISLEY,0.01365379698286883,0.43344155844155846,4.0986216998668645
"JUMBO BAG RED RETROSPOT, LUNCH BAG  BLACK SKULL.",LUNCH BAG CARS BLUE,0.011966249041165942,0.4105263157894737,4.072979251782424
"JUMBO BAG RED RETROSPOT, JUMBO BAG STRAWBERRY",JUMBO STORAGE BAG SUKI,0.021784709792891842,0.4630434782608695,4.067751669987108
"60 TEATIME FAIRY CAKE CASES, 72 SWEETHEART FAIRY CAKE CASES",PACK OF 72 RETROSPOT CAKE CASES,0.012273075939657376,0.33287101248266293,4.060694104241094
"JUMBO STORAGE BAG SUKI, LUNCH BAG CARS BLUE",JUMBO SHOPPER VINTAGE RED PAISLEY,0.010227563283047815,0.4291845493562232,4.058367438424055
"JUMBO SHOPPER VINTAGE RED PAISLEY, JUMBO STORAGE BAG SUKI",JUMBO BAG STRAWBERRY,0.016773203784198415,0.37104072398190047,4.057998522072743
"JUMBO BAG RED RETROSPOT, WHITE HANGING HEART T-LIGHT HOLDER",RECYCLING BAG RETROSPOT,0.011148043978522117,0.30446927374301674,4.044766744595579
"JUMBO  BAG BAROQUE BLACK WHITE, JUMBO BAG STRAWBERRY",JUMBO SHOPPER VINTAGE RED PAISLEY,0.013909486064945027,0.42700156985871274,4.037725192740391
"JUMBO  BAG BAROQUE BLACK WHITE, JUMBO SHOPPER VINTAGE RED PAISLEY",JUMBO BAG RED RETROSPOT,0.02255177703912043,0.63,4.03393909626719
"JUMBO BAG RED RETROSPOT, LUNCH BAG  BLACK SKULL.",JUMBO  BAG BAROQUE BLACK WHITE,0.010585527997954487,0.36315789473684207,4.000874722016308
"LUNCH BAG CARS BLUE, WHITE HANGING HEART T-LIGHT HOLDER",LUNCH BAG  BLACK SKULL.,0.011403733060598312,0.4532520325203252,3.967476945360322
"JUMBO  BAG BAROQUE BLACK WHITE, JUMBO BAG STRAWBERRY, JUMBO STORAGE BAG SUKI",JUMBO BAG RED RETROSPOT,0.011148043978522117,0.6193181818181818,3.965542582008691
"JUMBO STORAGE BAG SUKI, RECYCLING BAG RETROSPOT",JUMBO BAG RED RETROSPOT,0.015443620557402199,0.6188524590163934,3.9625605226147913
LUNCH BAG CARS BLUE,LUNCH BAG SPACEBOY DESIGN,0.04085911531577602,0.4053779807204465,3.9596235829112545
LUNCH BAG SPACEBOY DESIGN,LUNCH BAG CARS BLUE,0.04085911531577602,0.39910089910089913,3.9596235829112545
"JUMBO SHOPPER VINTAGE RED PAISLEY, WHITE HANGING HEART T-LIGHT HOLDER",JUMBO STORAGE BAG SUKI,0.0109946305292764,0.4507337526205451,3.959612997526846
"JUMBO  BAG BAROQUE BLACK WHITE, JUMBO STORAGE BAG SUKI",JUMBO BAG RED RETROSPOT,0.024341600613653796,0.616580310880829,3.948011781032944
"LUNCH BAG CARS BLUE, WHITE HANGING HEART T-LIGHT HOLDER",LUNCH BAG SPACEBOY DESIGN,0.010125287650217335,0.40243902439024387,3.930916644331278
JUMBO  BAG BAROQUE BLACK WHITE,JUMBO BAG STRAWBERRY,0.032574789056507285,0.3588732394366197,3.9249251662097864
JUMBO BAG STRAWBERRY,JUMBO  BAG BAROQUE BLACK WHITE,0.032574789056507285,0.3562639821029082,3.924925166209786
"JUMBO BAG RED RETROSPOT, LUNCH BAG CARS BLUE",LUNCH BAG SPACEBOY DESIGN,0.010125287650217335,0.40162271805273836,3.9229431825780714
"JUMBO SHOPPER VINTAGE RED PAISLEY, JUMBO STORAGE BAG SUKI",JUMBO BAG RED RETROSPOT,0.0276144208642291,0.6108597285067874,3.9113824462836364
"JUMBO SHOPPER VINTAGE RED PAISLEY, RECYCLING BAG RETROSPOT",JUMBO BAG RED RETROSPOT,0.01365379698286883,0.6082004555808657,3.894354914500271
"LUNCH BAG  BLACK SKULL., WHITE HANGING HEART T-LIGHT HOLDER",LUNCH BAG CARS BLUE,0.011403733060598312,0.39191564147627417,3.888336057366079
LUNCH BAG CARS BLUE,LUNCH BAG  BLACK SKULL.,0.04464331373050371,0.4429223744292238,3.8770577582647587
LUNCH BAG  BLACK SKULL.,LUNCH BAG CARS BLUE,0.04464331373050371,0.3907788719785139,3.8770577582647587
PACK OF 72 SKULL CAKE CASES,PACK OF 60 PINK PAISLEY CAKE CASES,0.026745077985170035,0.37816341287057126,3.8636288080898753
LUNCH BAG  BLACK SKULL.,LUNCH BAG WOODLAND,0.04172845819483508,0.36526410026857653,3.858854392626696
LUNCH BAG WOODLAND,LUNCH BAG  BLACK SKULL.,0.04172845819483508,0.44084278768233387,3.858854392626696
"60 TEATIME FAIRY CAKE CASES, PACK OF 60 PINK PAISLEY CAKE CASES",PACK OF 72 RETROSPOT CAKE CASES,0.014727691127588852,0.3157894736842105,3.8523163804708274
"RECYCLING BAG RETROSPOT, WHITE HANGING HEART T-LIGHT HOLDER",JUMBO STORAGE BAG SUKI,0.010023012017386857,0.4355555555555556,3.8262753319357095
LUNCH BAG SPACEBOY DESIGN,LUNCH BAG  BLACK SKULL.,0.044694451546918944,0.43656343656343655,3.8213957036696518
LUNCH BAG  BLACK SKULL.,LUNCH BAG SPACEBOY DESIGN,0.044694451546918944,0.39122649955237243,3.8213957036696518
JUMBO STORAGE BAG SUKI,JUMBO  BAG BAROQUE BLACK WHITE,0.03947839427256456,0.3468104222821204,3.8207762297052756
JUMBO  BAG BAROQUE BLACK WHITE,JUMBO STORAGE BAG SUKI,0.03947839427256456,0.4349295774647887,3.8207762297052756
"JUMBO STORAGE BAG SUKI, LUNCH BAG  BLACK SKULL.",LUNCH BAG SPACEBOY DESIGN,0.01048325236512401,0.3904761904761905,3.814066885495457
"JUMBO BAG RED RETROSPOT, LUNCH BAG WOODLAND",LUNCH BAG  BLACK SKULL.,0.010329838915878293,0.4353448275862069,3.8107287839965425
"JUMBO BAG PINK VINTAGE PAISLEY, JUMBO SHOPPER VINTAGE RED PAISLEY",JUMBO BAG RED RETROSPOT,0.020506264382510866,0.594074074074074,3.8039025928351395
"JUMBO BAG RED RETROSPOT, RECYCLING BAG RETROSPOT",JUMBO  BAG BAROQUE BLACK WHITE,0.010738941447200204,0.3409090909090909,3.755761843790012
JUMBO STORAGE BAG SUKI,JUMBO SHOPPER VINTAGE RED PAISLEY,0.04520582971107134,0.3971248876909254,3.755211401738901
JUMBO SHOPPER VINTAGE RED PAISLEY,JUMBO STORAGE BAG SUKI,0.04520582971107134,0.4274661508704062,3.7552114017389004
"JUMBO BAG STRAWBERRY, RECYCLING BAG RETROSPOT",JUMBO BAG RED RETROSPOT,0.010585527997954487,0.5864022662889519,3.7547794097185503
"JUMBO BAG RED RETROSPOT, LUNCH BAG  BLACK SKULL.",LUNCH BAG WOODLAND,0.010329838915878293,0.3543859649122807,3.743931682258049
JUMBO  BAG BAROQUE BLACK WHITE,JUMBO SHOPPER VINTAGE RED PAISLEY,0.03579647149066735,0.3943661971830986,3.7291252349688073
JUMBO SHOPPER VINTAGE RED PAISLEY,JUMBO  BAG BAROQUE BLACK WHITE,0.03579647149066735,0.33849129593810445,3.729125234968807
"JUMBO BAG RED RETROSPOT, LUNCH BAG RED RETROSPOT",JUMBO STORAGE BAG SUKI,0.014881104576834569,0.42358078602620086,3.721079187215794
"JUMBO BAG RED RETROSPOT, WHITE HANGING HEART T-LIGHT HOLDER",JUMBO STORAGE BAG SUKI,0.015443620557402199,0.42178770949720673,3.7053273401697564
"JUMBO  BAG BAROQUE BLACK WHITE, JUMBO BAG PINK VINTAGE PAISLEY",JUMBO BAG RED RETROSPOT,0.015085655842495525,0.5784313725490196,3.703741155925369
"JUMBO BAG RED RETROSPOT, LUNCH BAG  BLACK SKULL.",LUNCH BAG SPACEBOY DESIGN,0.0109946305292764,0.37719298245614036,3.6843200658990134
"JUMBO  BAG BAROQUE BLACK WHITE, JUMBO BAG STRAWBERRY",JUMBO BAG RED RETROSPOT,0.018716440807977498,0.5745682888540031,3.6790055299738147
"JUMBO BAG PINK VINTAGE PAISLEY, JUMBO STORAGE BAG SUKI",JUMBO BAG RED RETROSPOT,0.018972129890053695,0.5743034055727555,3.6773094616814777
"JUMBO BAG RED RETROSPOT, RECYCLING BAG RETROSPOT",JUMBO BAG STRAWBERRY,0.010585527997954487,0.336038961038961,3.6751912097969144
JUMBO STORAGE BAG SUKI,JUMBO BAG STRAWBERRY,0.03825108667859883,0.3360287511230908,3.675079545979888
JUMBO BAG STRAWBERRY,JUMBO STORAGE BAG SUKI,0.03825108667859883,0.41834451901565994,3.6750795459798877
"HEART OF WICKER LARGE, WHITE HANGING HEART T-LIGHT HOLDER",RED HANGING HEART T-LIGHT HOLDER,0.012170800306826898,0.31439894319682954,3.672682995348866
LUNCH BAG RED RETROSPOT,LUNCH BAG WOODLAND,0.03119406801329583,0.3473804100227791,3.669921079414071
LUNCH BAG WOODLAND,LUNCH BAG RED RETROSPOT,0.03119406801329583,0.3295515937331172,3.6699210794140704
LUNCH BAG RED RETROSPOT,LUNCH BAG  BLACK SKULL.,0.03763743288161595,0.4191343963553531,3.6688330889565486
LUNCH BAG  BLACK SKULL.,LUNCH BAG RED RETROSPOT,0.03763743288161595,0.32945389435989253,3.668833088956548
JUMBO BAG PINK VINTAGE PAISLEY,JUMBO STORAGE BAG SUKI,0.03303502940424444,0.41731266149870794,3.6660148677480833
"JUMBO BAG RED RETROSPOT, WHITE HANGING HEART T-LIGHT HOLDER",JUMBO BAG STRAWBERRY,0.012273075939657376,0.33519553072625696,3.665966780398185
"JUMBO BAG STRAWBERRY, JUMBO STORAGE BAG SUKI",JUMBO BAG RED RETROSPOT,0.021784709792891842,0.56951871657754,3.646672725171511
"LUNCH BAG  BLACK SKULL., WHITE HANGING HEART T-LIGHT HOLDER",LUNCH BAG SPACEBOY DESIGN,0.010841217080030682,0.37258347978910367,3.639295677960001
JUMBO BAG PINK VINTAGE PAISLEY,JUMBO  BAG BAROQUE BLACK WHITE,0.026080286371771927,0.32945736434108525,3.6295993012337586
PACK OF 72 RETROSPOT CAKE CASES,PACK OF 60 PINK PAISLEY CAKE CASES,0.028892866274610074,0.35246412975670616,3.6010637708424187
"JUMBO BAG RED RETROSPOT, LUNCH BAG RED RETROSPOT",JUMBO BAG STRAWBERRY,0.011557146509844029,0.32896652110625907,3.597841342412134
"JUMBO BAG RED RETROSPOT, LUNCH BAG RED RETROSPOT",LUNCH BAG  BLACK SKULL.,0.014369726412682178,0.4090247452692867,3.5803397017640566
"JUMBO BAG STRAWBERRY, JUMBO SHOPPER VINTAGE RED PAISLEY",JUMBO BAG RED RETROSPOT,0.016312963436461263,0.5586690017513135,3.5772011556145826
LUNCH BAG CARS BLUE,LUNCH BAG RED RETROSPOT,0.032216824341600614,0.319634703196347,3.5594855472691154
LUNCH BAG RED RETROSPOT,LUNCH BAG CARS BLUE,0.032216824341600614,0.3587699316628702,3.5594855472691154
"JUMBO BAG STRAWBERRY, LUNCH BAG  BLACK SKULL.",JUMBO BAG RED RETROSPOT,0.011096906162106878,0.5549872122762148,3.553626370681526
"JUMBO BAG RED RETROSPOT, LUNCH BAG RED RETROSPOT",JUMBO  BAG BAROQUE BLACK WHITE,0.011301457427767834,0.32168850072780203,3.5440104967505173
"JUMBO  BAG BAROQUE BLACK WHITE, LUNCH BAG  BLACK SKULL.",JUMBO BAG RED RETROSPOT,0.010585527997954487,0.550531914893617,3.52509875433683
"JUMBO BAG PINK VINTAGE PAISLEY, JUMBO BAG STRAWBERRY",JUMBO BAG RED RETROSPOT,0.016773203784198415,0.5484949832775919,3.512056122460154
"JUMBO BAG RED RETROSPOT, JUMBO SHOPPER VINTAGE RED PAISLEY",JUMBO BAG STRAWBERRY,0.016312963436461263,0.3209255533199195,3.509898878730999
WOODLAND CHARLOTTE BAG,LUNCH BAG WOODLAND,0.025108667859882382,0.33086253369272234,3.495416988849911
LUNCH BAG SPACEBOY DESIGN,LUNCH BAG RED RETROSPOT,0.03211454870877013,0.31368631368631367,3.493243658391722
LUNCH BAG RED RETROSPOT,LUNCH BAG SPACEBOY DESIGN,0.03211454870877013,0.357630979498861,3.493243658391722
PACK OF 72 RETROSPOT CAKE CASES,60 TEATIME FAIRY CAKE CASES,0.029762209153669138,0.363069245165315,3.480303475101831
"JUMBO BAG RED RETROSPOT, WHITE HANGING HEART T-LIGHT HOLDER",JUMBO  BAG BAROQUE BLACK WHITE,0.011557146509844029,0.31564245810055863,3.4774018412148866
"JUMBO BAG RED RETROSPOT, LUNCH BAG RED RETROSPOT",LUNCH BAG CARS BLUE,0.012273075939657376,0.34934497816593885,3.465977193320616
"JUMBO STORAGE BAG SUKI, WHITE HANGING HEART T-LIGHT HOLDER",JUMBO SHOPPER VINTAGE RED PAISLEY,0.0109946305292764,0.3601340033500838,3.4054257425101007
"JUMBO BAG RED RETROSPOT, REGENCY CAKESTAND 3 TIER",JUMBO STORAGE BAG SUKI,0.010227563283047815,0.3875968992248062,3.4049673694254654
"JUMBO BAG RED RETROSPOT, LUNCH BAG RED RETROSPOT",LUNCH BAG WOODLAND,0.011199181794937356,0.3187772925764192,3.367741737618518
"JUMBO STORAGE BAG SUKI, REGENCY CAKESTAND 3 TIER",JUMBO BAG RED RETROSPOT,0.010227563283047815,0.5235602094240838,3.3523968222946814
"60 TEATIME FAIRY CAKE CASES, WHITE HANGING HEART T-LIGHT HOLDER",STRAWBERRY CERAMIC TRINKET BOX,0.011148043978522117,0.36454849498327757,3.312614228344792
JUMBO BAG STRAWBERRY,JUMBO BAG RED RETROSPOT,0.047046791102019946,0.5145413870246085,3.294648599628755
JUMBO BAG RED RETROSPOT,JUMBO BAG STRAWBERRY,0.047046791102019946,0.3012442698100851,3.294648599628755
"JUMBO STORAGE BAG SUKI, WOODLAND CHARLOTTE BAG",JUMBO BAG RED RETROSPOT,0.01104576834569164,0.5130641330166271,3.2851896270923846
"JUMBO STORAGE BAG SUKI, LUNCH BAG WOODLAND",JUMBO BAG RED RETROSPOT,0.01160828432625927,0.5124153498871332,3.281035418154188
"JUMBO BAG RED RETROSPOT, JUMBO BAG STRAWBERRY",JUMBO SHOPPER VINTAGE RED PAISLEY,0.016312963436461263,0.3467391304347826,3.278763876040703
JUMBO  BAG BAROQUE BLACK WHITE,JUMBO BAG RED RETROSPOT,0.04617744822296088,0.5087323943661972,3.257453166938764
"JUMBO STORAGE BAG SUKI, LUNCH BAG CARS BLUE",JUMBO BAG RED RETROSPOT,0.012119662490411659,0.5085836909871244,3.25650100761402
"JUMBO SHOPPER VINTAGE RED PAISLEY, WHITE HANGING HEART T-LIGHT HOLDER",JUMBO BAG RED RETROSPOT,0.012375351572487855,0.5073375262054508,3.248521717402616
"JUMBO STORAGE BAG SUKI, LUNCH BAG  BLACK SKULL.",JUMBO BAG RED RETROSPOT,0.013602659166453592,0.5066666666666666,3.244226151495306
"JUMBO STORAGE BAG SUKI, WHITE HANGING HEART T-LIGHT HOLDER",JUMBO BAG RED RETROSPOT,0.015443620557402199,0.5058626465661642,3.239077948134034
"JUMBO BAG RED RETROSPOT, WHITE HANGING HEART T-LIGHT HOLDER",JUMBO SHOPPER VINTAGE RED PAISLEY,0.012375351572487855,0.33798882681564246,3.1960210388684183
"JUMBO BAG RED RETROSPOT, LUNCH BAG RED RETROSPOT",JUMBO SHOPPER VINTAGE RED PAISLEY,0.011863973408335464,0.33770014556040756,3.1932912700356724
"RED HANGING HEART T-LIGHT HOLDER, WOODEN PICTURE FRAME WHITE FINISH",WHITE HANGING HEART T-LIGHT HOLDER,0.010023012017386857,0.7871485943775101,3.180965233116803
"JUMBO BAG STRAWBERRY, WHITE HANGING HEART T-LIGHT HOLDER",JUMBO BAG RED RETROSPOT,0.012273075939657376,0.48879837067209775,3.1298140597553603
JUMBO BAG PINK VINTAGE PAISLEY,JUMBO BAG RED RETROSPOT,0.03866018920992074,0.4883720930232558,3.12708457074976
"JUMBO BAG PINK VINTAGE PAISLEY, WHITE HANGING HEART T-LIGHT HOLDER",JUMBO BAG RED RETROSPOT,0.01043211454870877,0.48803827751196177,3.1249471240165065
"HEART OF WICKER LARGE, RED HANGING HEART T-LIGHT HOLDER",WHITE HANGING HEART T-LIGHT HOLDER,0.012170800306826898,0.7702265372168284,3.1125810984242777
JUMBO BAG RED RETROSPOT,JUMBO STORAGE BAG SUKI,0.05517770391204296,0.35330713817943676,3.1037381343660764
JUMBO STORAGE BAG SUKI,JUMBO BAG RED RETROSPOT,0.05517770391204296,0.48472596585804134,3.1037381343660764
"RECYCLING BAG RETROSPOT, WHITE HANGING HEART T-LIGHT HOLDER",JUMBO BAG RED RETROSPOT,0.011148043978522117,0.48444444444444446,3.101935530815688
"JUMBO  BAG BAROQUE BLACK WHITE, WHITE HANGING HEART T-LIGHT HOLDER",JUMBO BAG RED RETROSPOT,0.011557146509844029,0.4808510638297872,3.0789268347057916
JUMBO SHOPPER VINTAGE RED PAISLEY,JUMBO BAG RED RETROSPOT,0.05083098951674764,0.4806576402321084,3.0776883283362406
JUMBO BAG RED RETROSPOT,JUMBO SHOPPER VINTAGE RED PAISLEY,0.05083098951674764,0.32547478716437456,3.07768832833624
"JUMBO BAG RED RETROSPOT, LUNCH BAG RED RETROSPOT",LUNCH BAG SPACEBOY DESIGN,0.010943492712861162,0.31149927219796214,3.0426414924231517
JUMBO BAG STRAWBERRY,JUMBO SHOPPER VINTAGE RED PAISLEY,0.029199693173101508,0.3193512304250559,3.019783999498051
"NATURAL SLATE HEART CHALKBOARD, WHITE HANGING HEART T-LIGHT HOLDER",HEART OF WICKER SMALL,0.010943492712861162,0.3074712643678161,2.9898560789222497
RED HANGING HEART T-LIGHT HOLDER,WHITE HANGING HEART T-LIGHT HOLDER,0.06254154947583739,0.7305854241338112,2.95238643706069
RECYCLING BAG RETROSPOT,JUMBO STORAGE BAG SUKI,0.024955254410636667,0.3315217391304348,2.9123574163053245
"STRAWBERRY CERAMIC TRINKET BOX, WHITE HANGING HEART T-LIGHT HOLDER",60 TEATIME FAIRY CAKE CASES,0.011148043978522117,0.3006896551724138,2.882346179851251
"60 TEATIME FAIRY CAKE CASES, PACK OF 72 SKULL CAKE CASES",LUNCH BAG  BLACK SKULL.,0.010023012017386857,0.3202614379084967,2.803362765577732
RECYCLING BAG RETROSPOT,JUMBO BAG RED RETROSPOT,0.031500894911787265,0.41847826086956524,2.6795489166026023
WOODLAND CHARLOTTE BAG,LUNCH BAG  BLACK SKULL.,0.02321656865251854,0.3059299191374663,2.677913862458887
PACK OF 72 SKULL CAKE CASES,LUNCH BAG  BLACK SKULL.,0.02152902071081565,0.30441070137382503,2.664615606698813
LUNCH BAG RED RETROSPOT,JUMBO BAG RED RETROSPOT,0.03513167987726924,0.39123006833712987,2.505076616349893
"LUNCH BAG  BLACK SKULL., LUNCH BAG RED RETROSPOT",JUMBO BAG RED RETROSPOT,0.014369726412682178,0.38179347826086957,2.444653394692634
"LUNCH BAG CARS BLUE, LUNCH BAG RED RETROSPOT",JUMBO BAG RED RETROSPOT,0.012273075939657376,0.38095238095238093,2.4392677830791776
"LUNCH BAG RED RETROSPOT, LUNCH BAG WOODLAND",JUMBO BAG RED RETROSPOT,0.011199181794937356,0.359016393442623,2.298809945569906
"LUNCH BAG RED RETROSPOT, LUNCH BAG SPACEBOY DESIGN",JUMBO BAG RED RETROSPOT,0.010943492712861162,0.3407643312101911,2.1819405687017968
"HEART OF WICKER LARGE, NATURAL SLATE HEART CHALKBOARD",WHITE HANGING HEART T-LIGHT HOLDER,0.010074149833802096,0.5397260273972602,2.1810999102610915
"HEART OF WICKER SMALL, REGENCY CAKESTAND 3 TIER",WHITE HANGING HEART T-LIGHT HOLDER,0.010278701099463054,0.5167095115681234,2.0880873111623584
"HEART OF WICKER SMALL, NATURAL SLATE HEART CHALKBOARD",WHITE HANGING HEART T-LIGHT HOLDER,0.010943492712861162,0.5107398568019094,2.0639631948256536
"JUMBO BAG RED RETROSPOT, NATURAL SLATE HEART CHALKBOARD",WHITE HANGING HEART T-LIGHT HOLDER,0.010790079263615443,0.5059952038369304,2.0447894629120014
"NATURAL SLATE HEART CHALKBOARD, WHITE HANGING HEART T-LIGHT HOLDER",JUMBO BAG RED RETROSPOT,0.010790079263615443,0.30316091954022983,1.9411629933232462
"PARTY BUNTING, WHITE HANGING HEART T-LIGHT HOLDER",REGENCY CAKESTAND 3 TIER,0.010534390181539248,0.302496328928047,1.8359142495927867
"WOODEN FRAME ANTIQUE WHITE, WOODEN PICTURE FRAME WHITE FINISH",WHITE HANGING HEART T-LIGHT HOLDER,0.025466632574789056,0.45190562613430124,1.8262067615326019
"60 TEATIME FAIRY CAKE CASES, STRAWBERRY CERAMIC TRINKET BOX",WHITE HANGING HEART T-LIGHT HOLDER,0.011148043978522117,0.44308943089430897,1.7905794216032676
WOODEN PICTURE FRAME WHITE FINISH,WHITE HANGING HEART T-LIGHT HOLDER,0.04203528509332651,0.42924281984334195,1.7346235466080908
HANGING HEART ZINC T-LIGHT HOLDER,WHITE HANGING HEART T-LIGHT HOLDER,0.02981334697008438,0.4286764705882353,1.7323348589280723
WOODEN FRAME ANTIQUE WHITE,WHITE HANGING HEART T-LIGHT HOLDER,0.04239324980823319,0.4277605779153767,1.7286336228838999
"HEART OF WICKER LARGE, HEART OF WICKER SMALL",WHITE HANGING HEART T-LIGHT HOLDER,0.021477882894400408,0.4216867469879518,1.7040885177411442
LOVE BUILDING BLOCK WORD,WHITE HANGING HEART T-LIGHT HOLDER,0.03421119918179494,0.4163036714374611,1.6823348408678553
HEART OF WICKER LARGE,WHITE HANGING HEART T-LIGHT HOLDER,0.03871132702633598,0.4107433532284319,1.6598649043980132
"JUMBO STORAGE BAG SUKI, RECYCLING BAG RETROSPOT",WHITE HANGING HEART T-LIGHT HOLDER,0.010023012017386857,0.40163934426229503,1.6230744734550897
"JUMBO BAG RED RETROSPOT, REGENCY CAKESTAND 3 TIER",WHITE HANGING HEART T-LIGHT HOLDER,0.010329838915878293,0.3914728682170543,1.5819904810879306
NATURAL SLATE HEART CHALKBOARD,WHITE HANGING HEART T-LIGHT HOLDER,0.035591920225006395,0.385595567867036,1.5582395804174187
BATHROOM METAL SIGN,WHITE HANGING HEART T-LIGHT HOLDER,0.02751214523139862,0.3851109520400859,1.5562811876718081
HEART OF WICKER SMALL,WHITE HANGING HEART T-LIGHT HOLDER,0.03958066990539504,0.3848831427150672,1.5553605818956682
HOME BUILDING BLOCK WORD,WHITE HANGING HEART T-LIGHT HOLDER,0.037790846330861674,0.3813209494324046,1.5409653164188202
"HOME BUILDING BLOCK WORD, LOVE BUILDING BLOCK WORD",WHITE HANGING HEART T-LIGHT HOLDER,0.016824341600613652,0.38122827346465815,1.5405908013228746
VICTORIAN GLASS HANGING T-LIGHT,WHITE HANGING HEART T-LIGHT HOLDER,0.029455382255177704,0.37281553398058254,1.5065938762120874
